{"id":88553243,"isReadOnly":false,"metaTags":null,"order":"65536","headHtml":null,"customCss":null,"headerHtml":"<section class=\"u-clearfix u-header u-block-7e19-1\" custom-posts-hash=\"[]\" data-style=\"header-imglogo-menu\" data-post-id=\"post10\" data-section-properties=\"{&quot;grid-spacing&quot;:&quot;0&quot;,&quot;align&quot;:&quot;left&quot;,&quot;stretch&quot;:true}\" id=\"sec-ef68\" data-source=\"\" data-id=\"7e19\">\n  <div class=\"u-clearfix u-sheet u-valign-middle u-block-7e19-2\" data-state=\"{&quot;margin-top&quot;:{&quot;shouldApplyDefaultMargins&quot;:{&quot;XL&quot;:false,&quot;LG&quot;:false,&quot;MD&quot;:false,&quot;SM&quot;:false,&quot;XS&quot;:false},&quot;parentVerticalAlign&quot;:{&quot;XL&quot;:&quot;middle&quot;,&quot;LG&quot;:&quot;middle&quot;,&quot;MD&quot;:&quot;middle&quot;,&quot;SM&quot;:&quot;middle&quot;,&quot;XS&quot;:&quot;middle&quot;}},&quot;margin-bottom&quot;:{&quot;shouldApplyDefaultMargins&quot;:{&quot;XL&quot;:false,&quot;LG&quot;:false,&quot;MD&quot;:false,&quot;SM&quot;:false,&quot;XS&quot;:false},&quot;parentVerticalAlign&quot;:{&quot;XL&quot;:&quot;middle&quot;,&quot;LG&quot;:&quot;middle&quot;,&quot;MD&quot;:&quot;middle&quot;,&quot;SM&quot;:&quot;middle&quot;,&quot;XS&quot;:&quot;middle&quot;}}}\">\n    <a href=\"https://nicepage.com\" class=\"u-image u-logo u-block-7e19-8\" data-brightness=\"\" data-state=\"{&quot;margin-top&quot;:{&quot;shouldApplyDefaultMargins&quot;:{&quot;XL&quot;:false,&quot;LG&quot;:false,&quot;MD&quot;:false,&quot;SM&quot;:true,&quot;XS&quot;:true},&quot;parentVerticalAlign&quot;:{&quot;XL&quot;:&quot;middle&quot;,&quot;LG&quot;:&quot;middle&quot;,&quot;MD&quot;:&quot;middle&quot;,&quot;SM&quot;:&quot;middle&quot;,&quot;XS&quot;:&quot;middle&quot;}},&quot;margin-bottom&quot;:{&quot;shouldApplyDefaultMargins&quot;:{&quot;XL&quot;:false,&quot;LG&quot;:false,&quot;MD&quot;:false,&quot;SM&quot;:true,&quot;XS&quot;:true},&quot;parentVerticalAlign&quot;:{&quot;XL&quot;:&quot;middle&quot;,&quot;LG&quot;:&quot;middle&quot;,&quot;MD&quot;:&quot;middle&quot;,&quot;SM&quot;:&quot;middle&quot;,&quot;XS&quot;:&quot;middle&quot;}}}\">\n      <img src=\"np://app.desktop.nicepage.com/images/default-logo.png\" class=\"u-logo-image u-block-7e19-10\">\n    </a>\n    <nav class=\"u-menu u-menu-dropdown u-offcanvas u-block-7e19-11\" data-state=\"{&quot;margin-top&quot;:{&quot;shouldApplyDefaultMargins&quot;:{&quot;XL&quot;:false,&quot;LG&quot;:false,&quot;MD&quot;:false,&quot;SM&quot;:true,&quot;XS&quot;:true},&quot;parentVerticalAlign&quot;:{&quot;XL&quot;:&quot;middle&quot;,&quot;LG&quot;:&quot;middle&quot;,&quot;MD&quot;:&quot;middle&quot;,&quot;SM&quot;:&quot;middle&quot;,&quot;XS&quot;:&quot;middle&quot;}},&quot;margin-bottom&quot;:{&quot;shouldApplyDefaultMargins&quot;:{&quot;XL&quot;:false,&quot;LG&quot;:false,&quot;MD&quot;:false,&quot;SM&quot;:true,&quot;XS&quot;:true},&quot;parentVerticalAlign&quot;:{&quot;XL&quot;:&quot;middle&quot;,&quot;LG&quot;:&quot;middle&quot;,&quot;MD&quot;:&quot;middle&quot;,&quot;SM&quot;:&quot;middle&quot;,&quot;XS&quot;:&quot;middle&quot;}}}\">\n      <div class=\"menu-collapse\" style=\"font-size: 1rem; letter-spacing: 0px;\">\n        <a class=\"u-button-style u-custom-left-right-menu-spacing u-custom-padding-bottom u-custom-top-bottom-menu-spacing u-nav-link u-text-active-palette-1-base u-text-hover-palette-2-base\" href=\"#\">\n          <svg class=\"u-svg-link\" viewBox=\"0 0 24 24\"><use xmlns:xlink=\"http://www.w3.org/1999/xlink\" xlink:href=\"#menu-hamburger\"></use></svg>\n          <svg version=\"1.1\" xmlns=\"http://www.w3.org/2000/svg\" xmlns:xlink=\"http://www.w3.org/1999/xlink\"><defs><symbol id=\"menu-hamburger\" viewBox=\"0 0 16 16\" style=\"width: 16px; height: 16px;\"><rect y=\"1\" width=\"16\" height=\"2\"></rect><rect y=\"7\" width=\"16\" height=\"2\"></rect><rect y=\"13\" width=\"16\" height=\"2\"></rect>\n</symbol>\n</defs></svg>\n        </a>\n      </div>\n      <div class=\"u-nav-container\">\n        <ul class=\"u-nav u-unstyled u-block-7e19-18\"><li class=\"u-nav-item\"><a class=\"u-button-style u-nav-link u-text-active-palette-1-base u-text-hover-palette-2-base\" href=\"/Page-1.html\" data-page-id=\"10242716\" style=\"padding: 10px 20px;\">Page 1</a><div class=\"fake u-nav-popup u-block-7e19-20\"><ul class=\"u-h-spacing-20 u-nav u-unstyled u-v-spacing-10 u-block-7e19-19\"><li class=\"u-nav-item\"><a class=\"u-button-style u-nav-link u-white\" href=\"#\">Menu Item1</a>\n</li><li class=\"u-nav-item\"><a class=\"u-button-style u-nav-link u-white\" href=\"#\">Menu Item2</a>\n</li><li class=\"u-nav-item\"><a class=\"u-button-style u-nav-link u-white\" href=\"#\">Menu Item3</a>\n</li></ul>\n</div>\n</li></ul>\n      </div>\n      <div class=\"u-nav-container-collapse\">\n        <div class=\"u-black u-container-style u-inner-container-layout u-opacity u-opacity-95 u-sidenav u-block-7e19-14\">\n          <div class=\"u-sidenav-overflow\">\n            <div class=\"u-menu-close u-block-7e19-15\"></div>\n            <ul class=\"u-align-center u-nav u-popupmenu-items u-unstyled u-block-7e19-16\"><li class=\"u-nav-item\"><a class=\"u-button-style u-nav-link\" href=\"/Page-1.html\" data-page-id=\"10242716\">Page 1</a><div class=\"fake u-nav-popup u-block-7e19-21\"><ul class=\"u-h-spacing-20 u-nav u-unstyled u-v-spacing-10 u-block-7e19-17\"><li class=\"u-nav-item\"><a class=\"u-button-style u-nav-link u-white\">Menu Item 1</a>\n</li><li class=\"u-nav-item\"><a class=\"u-button-style u-nav-link u-white\">Menu Item 2</a>\n</li><li class=\"u-nav-item\"><a class=\"u-button-style u-nav-link u-white\">Menu Item 3</a>\n</li></ul>\n</div>\n</li></ul>\n          </div>\n        </div>\n        <div class=\"u-black u-menu-overlay u-opacity u-opacity-70\"></div>\n      </div>\n    </nav>\n  </div>\n  <style data-mode=\"XL\" data-visited=\"true\">@media (min-width: 1200px){ .u-block-7e19-1 {background-image: none}\n.u-block-7e19-2 {min-height: 80px}\n.u-block-7e19-8 {margin-top: 22px; margin-right: auto; margin-bottom: 0px; margin-left: 0px}\n.u-block-7e19-10 {max-width: 64px; max-height: 64px}\n.u-block-7e19-11 {margin-top: -32px; margin-right: 0px; margin-bottom: 22px; margin-left: auto}\n.u-block-7e19-18 {font-size: 1rem; letter-spacing: 0px}\n.u-block-7e19-19 {box-shadow: 2px 2px 8px 0 rgba(var(--grey-50-r),var(--grey-50-g),var(--grey-50-b),1)}\n.u-block-7e19-16 {font-size: 1.25rem}\n.u-block-7e19-17 {box-shadow: 2px 2px 8px 0 rgba(var(--grey-50-r),var(--grey-50-g),var(--grey-50-b),1)} }</style>\n  <style data-mode=\"LG\" data-visited=\"true\">@media (max-width: 1199px) and (min-width: 992px){ .u-block-7e19-1 {background-image: none}\n.u-block-7e19-2 {min-height: 80px}\n.u-block-7e19-8 {margin-top: 22px; margin-right: auto; margin-bottom: 0px; margin-left: 0px; width: 64px; height: 32px}\n.u-block-7e19-10 {max-width: 64px; max-height: 64px}\n.u-block-7e19-11 {width: auto; margin-top: -32px; margin-right: 0px; margin-bottom: 22px; margin-left: auto}\n.u-block-7e19-18 {font-size: 1rem; letter-spacing: 0px}\n.u-block-7e19-19 {box-shadow: 2px 2px 8px 0 rgba(var(--grey-50-r),var(--grey-50-g),var(--grey-50-b),1)}\n.u-block-7e19-16 {font-size: 1.25rem}\n.u-block-7e19-17 {box-shadow: 2px 2px 8px 0 rgba(var(--grey-50-r),var(--grey-50-g),var(--grey-50-b),1)} }</style>\n  <style data-mode=\"MD\" data-visited=\"true\">@media (max-width: 991px) and (min-width: 768px){ .u-block-7e19-1 {background-image: none}\n.u-block-7e19-2 {min-height: 80px}\n.u-block-7e19-8 {margin-top: 22px; margin-right: auto; margin-bottom: 0px; margin-left: 0px; width: 64px; height: 32px}\n.u-block-7e19-10 {max-width: 64px; max-height: 64px}\n.u-block-7e19-11 {width: auto; margin-top: -32px; margin-right: 0px; margin-bottom: 22px; margin-left: auto}\n.u-block-7e19-18 {font-size: 1rem; letter-spacing: 0px}\n.u-block-7e19-19 {box-shadow: 2px 2px 8px 0 rgba(var(--grey-50-r),var(--grey-50-g),var(--grey-50-b),1)}\n.u-block-7e19-16 {font-size: 1.25rem}\n.u-block-7e19-17 {box-shadow: 2px 2px 8px 0 rgba(var(--grey-50-r),var(--grey-50-g),var(--grey-50-b),1)} }</style>\n  <style data-mode=\"SM\" data-visited=\"true\">@media (max-width: 767px) and (min-width: 576px){ .u-block-7e19-1 {background-image: none}\n.u-block-7e19-2 {min-height: 80px}\n.u-block-7e19-8 {width: auto; margin-top: 22px; margin-right: auto; margin-bottom: 0px; margin-left: 0px; height: 32px}\n.u-block-7e19-10 {max-width: 64px; max-height: 64px}\n.u-block-7e19-11 {width: auto; margin-top: -32px; margin-right: 0px; margin-bottom: 22px; margin-left: auto}\n.u-block-7e19-18 {font-size: 1rem; letter-spacing: 0px}\n.u-block-7e19-19 {box-shadow: 2px 2px 8px 0 rgba(var(--grey-50-r),var(--grey-50-g),var(--grey-50-b),1)}\n.u-block-7e19-16 {font-size: 1.25rem}\n.u-block-7e19-17 {box-shadow: 2px 2px 8px 0 rgba(var(--grey-50-r),var(--grey-50-g),var(--grey-50-b),1)} }</style>\n  <style data-mode=\"XS\" data-visited=\"true\">@media (max-width: 575px){ .u-block-7e19-1 {background-image: none}\n.u-block-7e19-2 {min-height: 80px}\n.u-block-7e19-8 {width: auto; margin-top: 22px; margin-right: auto; margin-bottom: 0px; margin-left: 0px; height: 32px}\n.u-block-7e19-10 {max-width: 64px; max-height: 64px}\n.u-block-7e19-11 {width: auto; margin-top: -32px; margin-right: 0px; margin-bottom: 22px; margin-left: auto}\n.u-block-7e19-18 {font-size: 1rem; letter-spacing: 0px}\n.u-block-7e19-19 {box-shadow: 2px 2px 8px 0 rgba(var(--grey-50-r),var(--grey-50-g),var(--grey-50-b),1)}\n.u-block-7e19-16 {font-size: 1.25rem}\n.u-block-7e19-17 {box-shadow: 2px 2px 8px 0 rgba(var(--grey-50-r),var(--grey-50-g),var(--grey-50-b),1)} }</style>\n</section>","footerHtml":"<section class=\"u-align-center u-clearfix u-footer u-grey-80 u-block-1317-1\" custom-posts-hash=\"T\" data-state=\"{&quot;min-height&quot;:{&quot;canCollapse&quot;:{&quot;XL&quot;:null,&quot;LG&quot;:null,&quot;MD&quot;:null,&quot;SM&quot;:null,&quot;XS&quot;:null}}}\" data-style=\"footer-1-text\" data-post-id=\"post4\" data-section-properties=\"{&quot;grid-spacing&quot;:&quot;30&quot;,&quot;spacingAdditional&quot;:&quot;none&quot;,&quot;align&quot;:&quot;&quot;,&quot;stretch&quot;:true}\" id=\"sec-1f94\" data-source=\"\" data-id=\"1317\">\n  <div class=\"u-clearfix u-sheet u-block-1317-2\" data-state=\"{&quot;margin-top&quot;:{&quot;shouldApplyDefaultMargins&quot;:{&quot;XL&quot;:false,&quot;LG&quot;:false,&quot;MD&quot;:false,&quot;SM&quot;:false,&quot;XS&quot;:false},&quot;parentVerticalAlign&quot;:{&quot;XL&quot;:&quot;&quot;,&quot;LG&quot;:&quot;&quot;,&quot;MD&quot;:&quot;&quot;,&quot;SM&quot;:&quot;&quot;,&quot;XS&quot;:&quot;&quot;}},&quot;margin-bottom&quot;:{&quot;shouldApplyDefaultMargins&quot;:{&quot;XL&quot;:false,&quot;LG&quot;:false,&quot;MD&quot;:false,&quot;SM&quot;:false,&quot;XS&quot;:false},&quot;parentVerticalAlign&quot;:{&quot;XL&quot;:&quot;&quot;,&quot;LG&quot;:&quot;&quot;,&quot;MD&quot;:&quot;&quot;,&quot;SM&quot;:&quot;&quot;,&quot;XS&quot;:&quot;&quot;}}}\">\n    <p class=\"u-small-text u-text u-text-variant u-block-1317-6\" data-state=\"{&quot;margin-top&quot;:{&quot;shouldApplyDefaultMargins&quot;:{&quot;XL&quot;:false,&quot;LG&quot;:false,&quot;MD&quot;:false,&quot;SM&quot;:false,&quot;XS&quot;:false},&quot;parentVerticalAlign&quot;:{&quot;XL&quot;:&quot;&quot;,&quot;LG&quot;:&quot;&quot;,&quot;MD&quot;:&quot;&quot;,&quot;SM&quot;:&quot;&quot;,&quot;XS&quot;:&quot;&quot;}},&quot;margin-bottom&quot;:{&quot;shouldApplyDefaultMargins&quot;:{&quot;XL&quot;:false,&quot;LG&quot;:false,&quot;MD&quot;:false,&quot;SM&quot;:false,&quot;XS&quot;:false},&quot;parentVerticalAlign&quot;:{&quot;XL&quot;:&quot;&quot;,&quot;LG&quot;:&quot;&quot;,&quot;MD&quot;:&quot;&quot;,&quot;SM&quot;:&quot;&quot;,&quot;XS&quot;:&quot;&quot;}}}\">Texto de muestra. Haz click para seleccionar el elemento de Texto.</p>\n  </div>\n  <style data-mode=\"XL\">@media (min-width: 1200px){ .u-block-1317-1 {background-image: none}\n.u-block-1317-2 {min-height: 120px}\n.u-block-1317-6 {width: 417px; margin-top: 49px; margin-bottom: 49px; margin-left: auto; margin-right: auto} }</style>\n  <style data-mode=\"LG\">@media (max-width: 1199px) and (min-width: 992px){ .u-block-1317-1 {background-image: none}\n.u-block-1317-2 {min-height: 99px}\n.u-block-1317-6 {width: 417px; margin-top: 49px; margin-bottom: 49px; margin-left: auto; margin-right: auto} }</style>\n  <style data-mode=\"MD\">@media (max-width: 991px) and (min-width: 768px){ .u-block-1317-1 {background-image: none}\n.u-block-1317-2 {min-height: 76px}\n.u-block-1317-6 {width: 417px; margin-top: 49px; margin-bottom: 49px; margin-left: auto; margin-right: auto} }</style>\n  <style data-mode=\"SM\">@media (max-width: 767px) and (min-width: 576px){ .u-block-1317-1 {background-image: none}\n.u-block-1317-2 {min-height: 57px}\n.u-block-1317-6 {width: 417px; margin-top: 49px; margin-bottom: 49px; margin-left: auto; margin-right: auto} }</style>\n  <style data-mode=\"XS\">@media (max-width: 575px){ .u-block-1317-1 {background-image: none}\n.u-block-1317-2 {min-height: 36px}\n.u-block-1317-6 {width: 340px; margin-top: 49px; margin-bottom: 49px; margin-left: auto; margin-right: auto} }</style>\n</section>","hideBacklink":null,"homePageId":null,"dateUpdated":1689728478579,"settings":"{\"colorScheme\":{\"name\":\"summer-time\",\"isDefault\":true,\"bodyColors\":[\"#111111\",\"#ffffff\"],\"colors\":[\"#478ac9\",\"#db545a\",\"#f1c50e\",\"#2cccc4\",\"#b9c1cc\"],\"bgColor\":\"#ffffff\",\"shadingContrast\":\"body-alt-color\",\"whiteContrast\":\"body-color\",\"bgContrast\":\"body-color\",\"palettes\":[{\"palette\":[{\"paletteName\":\"none\",\"color\":\"transparent\",\"chanelR\":255,\"chanelG\":255,\"chanelB\":255,\"contrast\":\"body-color\",\"darker\":\"transparent\",\"contrastDarker\":\"body-color\",\"bodyContrast\":\"body-color\"},{\"paletteName\":\"transparent\",\"color\":\"transparent\",\"chanelR\":255,\"chanelG\":255,\"chanelB\":255,\"contrast\":\"body-color\",\"darker\":\"transparent\",\"contrastDarker\":\"body-color\",\"bodyContrast\":\"body-color\"}]},{\"palette\":[{\"paletteName\":\"body-color\",\"color\":\"#111111\",\"chanelR\":17,\"chanelG\":17,\"chanelB\":17,\"contrast\":\"white\",\"darker\":\"#0f0f0f\",\"contrastDarker\":\"white\",\"bodyContrast\":\"body-alt-color\"}]},{\"palette\":[{\"paletteName\":\"body-alt-color\",\"color\":\"#ffffff\",\"chanelR\":255,\"chanelG\":255,\"chanelB\":255,\"contrast\":\"black\",\"darker\":\"#e6e6e6\",\"contrastDarker\":\"black\",\"bodyContrast\":\"body-color\"}]},{\"palette\":[{\"paletteName\":\"bg-color\",\"color\":\"#ffffff\",\"chanelR\":255,\"chanelG\":255,\"chanelB\":255,\"contrast\":\"black\",\"darker\":\"#e6e6e6\",\"contrastDarker\":\"black\",\"bodyContrast\":\"body-color\"}]},{\"palette\":[{\"paletteName\":\"palette-1-base\",\"color\":\"#478ac9\",\"chanelR\":71,\"chanelG\":138,\"chanelB\":201,\"contrast\":\"white\",\"darker\":\"#387cbd\",\"contrastDarker\":\"white\",\"bodyContrast\":\"body-alt-color\"},{\"paletteName\":\"palette-1-dark-3\",\"color\":\"#292e33\",\"chanelR\":41,\"chanelG\":46,\"chanelB\":51,\"contrast\":\"white\",\"darker\":\"#25292e\",\"contrastDarker\":\"white\",\"bodyContrast\":\"body-alt-color\"},{\"paletteName\":\"palette-1-dark-2\",\"color\":\"#425465\",\"chanelR\":66,\"chanelG\":84,\"chanelB\":101,\"contrast\":\"white\",\"darker\":\"#3b4c5b\",\"contrastDarker\":\"white\",\"bodyContrast\":\"body-alt-color\"},{\"paletteName\":\"palette-1-dark-1\",\"color\":\"#4c7397\",\"chanelR\":76,\"chanelG\":115,\"chanelB\":151,\"contrast\":\"white\",\"darker\":\"#446888\",\"contrastDarker\":\"white\",\"bodyContrast\":\"body-alt-color\"},{\"paletteName\":\"palette-1\",\"color\":\"#478ac9\",\"chanelR\":71,\"chanelG\":138,\"chanelB\":201,\"contrast\":\"white\",\"darker\":\"#387cbd\",\"contrastDarker\":\"white\",\"bodyContrast\":\"body-alt-color\"},{\"paletteName\":\"palette-1-light-1\",\"color\":\"#77aad9\",\"chanelR\":119,\"chanelG\":170,\"chanelB\":217,\"contrast\":\"white\",\"darker\":\"#5d9ad2\",\"contrastDarker\":\"white\",\"bodyContrast\":\"body-alt-color\"},{\"paletteName\":\"palette-1-light-2\",\"color\":\"#adcce9\",\"chanelR\":173,\"chanelG\":204,\"chanelB\":233,\"contrast\":\"black\",\"darker\":\"#8db8e0\",\"contrastDarker\":\"white\",\"bodyContrast\":\"body-color\"},{\"paletteName\":\"palette-1-light-3\",\"color\":\"#e9f2fa\",\"chanelR\":233,\"chanelG\":242,\"chanelB\":250,\"contrast\":\"black\",\"darker\":\"#c2dbf1\",\"contrastDarker\":\"black\",\"bodyContrast\":\"body-color\"}]},{\"palette\":[{\"paletteName\":\"palette-2-base\",\"color\":\"#db545a\",\"chanelR\":219,\"chanelG\":84,\"chanelB\":90,\"contrast\":\"white\",\"darker\":\"#d63b42\",\"contrastDarker\":\"white\",\"bodyContrast\":\"body-alt-color\"},{\"paletteName\":\"palette-2-dark-3\",\"color\":\"#332929\",\"chanelR\":51,\"chanelG\":41,\"chanelB\":41,\"contrast\":\"white\",\"darker\":\"#2e2525\",\"contrastDarker\":\"white\",\"bodyContrast\":\"body-alt-color\"},{\"paletteName\":\"palette-2-dark-2\",\"color\":\"#6b4748\",\"chanelR\":107,\"chanelG\":71,\"chanelB\":72,\"contrast\":\"white\",\"darker\":\"#604041\",\"contrastDarker\":\"white\",\"bodyContrast\":\"body-alt-color\"},{\"paletteName\":\"palette-2-dark-1\",\"color\":\"#a35559\",\"chanelR\":163,\"chanelG\":85,\"chanelB\":89,\"contrast\":\"white\",\"darker\":\"#934c50\",\"contrastDarker\":\"white\",\"bodyContrast\":\"body-alt-color\"},{\"paletteName\":\"palette-2\",\"color\":\"#db545a\",\"chanelR\":219,\"chanelG\":84,\"chanelB\":90,\"contrast\":\"white\",\"darker\":\"#d63b42\",\"contrastDarker\":\"white\",\"bodyContrast\":\"body-alt-color\"},{\"paletteName\":\"palette-2-light-1\",\"color\":\"#e68387\",\"chanelR\":230,\"chanelG\":131,\"chanelB\":135,\"contrast\":\"white\",\"darker\":\"#e0656a\",\"contrastDarker\":\"white\",\"bodyContrast\":\"body-alt-color\"},{\"paletteName\":\"palette-2-light-2\",\"color\":\"#f1b5b8\",\"chanelR\":241,\"chanelG\":181,\"chanelB\":184,\"contrast\":\"black\",\"darker\":\"#ea9296\",\"contrastDarker\":\"white\",\"bodyContrast\":\"body-color\"},{\"paletteName\":\"palette-2-light-3\",\"color\":\"#fbeced\",\"chanelR\":251,\"chanelG\":236,\"chanelB\":237,\"contrast\":\"black\",\"darker\":\"#f3c4c7\",\"contrastDarker\":\"black\",\"bodyContrast\":\"body-color\"}]},{\"palette\":[{\"paletteName\":\"palette-3-base\",\"color\":\"#f1c50e\",\"chanelR\":241,\"chanelG\":197,\"chanelB\":14,\"contrast\":\"black\",\"darker\":\"#d9b10d\",\"contrastDarker\":\"white\",\"bodyContrast\":\"body-color\"},{\"paletteName\":\"palette-3-dark-3\",\"color\":\"#333129\",\"chanelR\":51,\"chanelG\":49,\"chanelB\":41,\"contrast\":\"white\",\"darker\":\"#2e2c25\",\"contrastDarker\":\"white\",\"bodyContrast\":\"body-alt-color\"},{\"paletteName\":\"palette-3-dark-2\",\"color\":\"#72683f\",\"chanelR\":114,\"chanelG\":104,\"chanelB\":63,\"contrast\":\"white\",\"darker\":\"#675e39\",\"contrastDarker\":\"white\",\"bodyContrast\":\"body-alt-color\"},{\"paletteName\":\"palette-3-dark-1\",\"color\":\"#b29a36\",\"chanelR\":178,\"chanelG\":154,\"chanelB\":54,\"contrast\":\"white\",\"darker\":\"#a08b31\",\"contrastDarker\":\"white\",\"bodyContrast\":\"body-alt-color\"},{\"paletteName\":\"palette-3\",\"color\":\"#f1c50e\",\"chanelR\":241,\"chanelG\":197,\"chanelB\":14,\"contrast\":\"black\",\"darker\":\"#d9b10d\",\"contrastDarker\":\"white\",\"bodyContrast\":\"body-color\"},{\"paletteName\":\"palette-3-light-1\",\"color\":\"#f5d654\",\"chanelR\":245,\"chanelG\":214,\"chanelB\":84,\"contrast\":\"black\",\"darker\":\"#f3cf35\",\"contrastDarker\":\"black\",\"bodyContrast\":\"body-color\"},{\"paletteName\":\"palette-3-light-2\",\"color\":\"#f9e79b\",\"chanelR\":249,\"chanelG\":231,\"chanelB\":155,\"contrast\":\"black\",\"darker\":\"#f7de75\",\"contrastDarker\":\"black\",\"bodyContrast\":\"body-color\"},{\"paletteName\":\"palette-3-light-3\",\"color\":\"#fef9e6\",\"chanelR\":254,\"chanelG\":249,\"chanelB\":230,\"contrast\":\"black\",\"darker\":\"#fceeb7\",\"contrastDarker\":\"black\",\"bodyContrast\":\"body-color\"}]},{\"palette\":[{\"paletteName\":\"palette-4-base\",\"color\":\"#2cccc4\",\"chanelR\":44,\"chanelG\":204,\"chanelB\":196,\"contrast\":\"white\",\"darker\":\"#28b8b0\",\"contrastDarker\":\"white\",\"bodyContrast\":\"body-alt-color\"},{\"paletteName\":\"palette-4-dark-3\",\"color\":\"#293332\",\"chanelR\":41,\"chanelG\":51,\"chanelB\":50,\"contrast\":\"white\",\"darker\":\"#252e2d\",\"contrastDarker\":\"white\",\"bodyContrast\":\"body-alt-color\"},{\"paletteName\":\"palette-4-dark-2\",\"color\":\"#41807c\",\"chanelR\":65,\"chanelG\":128,\"chanelB\":124,\"contrast\":\"white\",\"darker\":\"#3a7370\",\"contrastDarker\":\"white\",\"bodyContrast\":\"body-alt-color\"},{\"paletteName\":\"palette-4-dark-1\",\"color\":\"#2cccc4\",\"chanelR\":44,\"chanelG\":204,\"chanelB\":196,\"contrast\":\"white\",\"darker\":\"#28b8b0\",\"contrastDarker\":\"white\",\"bodyContrast\":\"body-alt-color\"},{\"paletteName\":\"palette-4\",\"color\":\"#3be8e0\",\"chanelR\":59,\"chanelG\":232,\"chanelB\":224,\"contrast\":\"black\",\"darker\":\"#21e5dc\",\"contrastDarker\":\"black\",\"bodyContrast\":\"body-color\"},{\"paletteName\":\"palette-4-light-1\",\"color\":\"#72efe9\",\"chanelR\":114,\"chanelG\":239,\"chanelB\":233,\"contrast\":\"black\",\"darker\":\"#52ebe4\",\"contrastDarker\":\"black\",\"bodyContrast\":\"body-color\"},{\"paletteName\":\"palette-4-light-2\",\"color\":\"#adf6f2\",\"chanelR\":173,\"chanelG\":246,\"chanelB\":242,\"contrast\":\"black\",\"darker\":\"#87f2ec\",\"contrastDarker\":\"black\",\"bodyContrast\":\"body-color\"},{\"paletteName\":\"palette-4-light-3\",\"color\":\"#eafdfc\",\"chanelR\":234,\"chanelG\":253,\"chanelB\":252,\"contrast\":\"black\",\"darker\":\"#bef9f6\",\"contrastDarker\":\"black\",\"bodyContrast\":\"body-color\"}]},{\"palette\":[{\"paletteName\":\"palette-5-base\",\"color\":\"#b9c1cc\",\"chanelR\":185,\"chanelG\":193,\"chanelB\":204,\"contrast\":\"black\",\"darker\":\"#a2adbc\",\"contrastDarker\":\"white\",\"bodyContrast\":\"body-color\"},{\"paletteName\":\"palette-5-dark-3\",\"color\":\"#292d33\",\"chanelR\":41,\"chanelG\":45,\"chanelB\":51,\"contrast\":\"white\",\"darker\":\"#25292e\",\"contrastDarker\":\"white\",\"bodyContrast\":\"body-alt-color\"},{\"paletteName\":\"palette-5-dark-2\",\"color\":\"#555c66\",\"chanelR\":85,\"chanelG\":92,\"chanelB\":102,\"contrast\":\"white\",\"darker\":\"#4d535c\",\"contrastDarker\":\"white\",\"bodyContrast\":\"body-alt-color\"},{\"paletteName\":\"palette-5-dark-1\",\"color\":\"#858e99\",\"chanelR\":133,\"chanelG\":142,\"chanelB\":153,\"contrast\":\"white\",\"darker\":\"#75808c\",\"contrastDarker\":\"white\",\"bodyContrast\":\"body-alt-color\"},{\"paletteName\":\"palette-5\",\"color\":\"#b9c1cc\",\"chanelR\":185,\"chanelG\":193,\"chanelB\":204,\"contrast\":\"black\",\"darker\":\"#a2adbc\",\"contrastDarker\":\"white\",\"bodyContrast\":\"body-color\"},{\"paletteName\":\"palette-5-light-1\",\"color\":\"#ccd3db\",\"chanelR\":204,\"chanelG\":211,\"chanelB\":219,\"contrast\":\"black\",\"darker\":\"#b3bec9\",\"contrastDarker\":\"black\",\"bodyContrast\":\"body-color\"},{\"paletteName\":\"palette-5-light-2\",\"color\":\"#e0e5eb\",\"chanelR\":224,\"chanelG\":229,\"chanelB\":235,\"contrast\":\"black\",\"darker\":\"#c4ced9\",\"contrastDarker\":\"black\",\"bodyContrast\":\"body-color\"},{\"paletteName\":\"palette-5-light-3\",\"color\":\"#f5f7fa\",\"chanelR\":245,\"chanelG\":247,\"chanelB\":250,\"contrast\":\"black\",\"darker\":\"#d4dde9\",\"contrastDarker\":\"black\",\"bodyContrast\":\"body-color\"}]},{\"palette\":[{\"paletteName\":\"grey-40\",\"color\":\"#999999\",\"chanelR\":153,\"chanelG\":153,\"chanelB\":153,\"contrast\":\"white\",\"darker\":\"#8a8a8a\",\"contrastDarker\":\"white\",\"bodyContrast\":\"body-alt-color\"},{\"paletteName\":\"grey-30\",\"color\":\"#b3b3b3\",\"chanelR\":179,\"chanelG\":179,\"chanelB\":179,\"contrast\":\"white\",\"darker\":\"#a1a1a1\",\"contrastDarker\":\"white\",\"bodyContrast\":\"body-alt-color\"},{\"paletteName\":\"grey-25\",\"color\":\"#c0c0c0\",\"chanelR\":192,\"chanelG\":192,\"chanelB\":192,\"contrast\":\"black\",\"darker\":\"#adadad\",\"contrastDarker\":\"white\",\"bodyContrast\":\"body-color\"},{\"paletteName\":\"white\",\"color\":\"#ffffff\",\"chanelR\":255,\"chanelG\":255,\"chanelB\":255,\"contrast\":\"black\",\"darker\":\"#e6e6e6\",\"contrastDarker\":\"black\",\"bodyContrast\":\"body-color\"},{\"paletteName\":\"grey-15\",\"color\":\"#d9d9d9\",\"chanelR\":217,\"chanelG\":217,\"chanelB\":217,\"contrast\":\"black\",\"darker\":\"#c3c3c3\",\"contrastDarker\":\"black\",\"bodyContrast\":\"body-color\"},{\"paletteName\":\"grey-10\",\"color\":\"#e5e5e5\",\"chanelR\":229,\"chanelG\":229,\"chanelB\":229,\"contrast\":\"black\",\"darker\":\"#cecece\",\"contrastDarker\":\"black\",\"bodyContrast\":\"body-color\"},{\"paletteName\":\"grey-5\",\"color\":\"#f2f2f2\",\"chanelR\":242,\"chanelG\":242,\"chanelB\":242,\"contrast\":\"black\",\"darker\":\"#dadada\",\"contrastDarker\":\"black\",\"bodyContrast\":\"body-color\"}]},{\"palette\":[{\"paletteName\":\"grey-90\",\"color\":\"#1a1a1a\",\"chanelR\":26,\"chanelG\":26,\"chanelB\":26,\"contrast\":\"white\",\"darker\":\"#171717\",\"contrastDarker\":\"white\",\"bodyContrast\":\"body-alt-color\"},{\"paletteName\":\"grey-80\",\"color\":\"#333333\",\"chanelR\":51,\"chanelG\":51,\"chanelB\":51,\"contrast\":\"white\",\"darker\":\"#2e2e2e\",\"contrastDarker\":\"white\",\"bodyContrast\":\"body-alt-color\"},{\"paletteName\":\"grey-75\",\"color\":\"#404040\",\"chanelR\":64,\"chanelG\":64,\"chanelB\":64,\"contrast\":\"white\",\"darker\":\"#3a3a3a\",\"contrastDarker\":\"white\",\"bodyContrast\":\"body-alt-color\"},{\"paletteName\":\"black\",\"color\":\"#000000\",\"chanelR\":0,\"chanelG\":0,\"chanelB\":0,\"contrast\":\"white\",\"darker\":\"#000000\",\"contrastDarker\":\"white\",\"bodyContrast\":\"body-alt-color\"},{\"paletteName\":\"grey-70\",\"color\":\"#4d4d4d\",\"chanelR\":77,\"chanelG\":77,\"chanelB\":77,\"contrast\":\"white\",\"darker\":\"#454545\",\"contrastDarker\":\"white\",\"bodyContrast\":\"body-alt-color\"},{\"paletteName\":\"grey-60\",\"color\":\"#666666\",\"chanelR\":102,\"chanelG\":102,\"chanelB\":102,\"contrast\":\"white\",\"darker\":\"#5c5c5c\",\"contrastDarker\":\"white\",\"bodyContrast\":\"body-alt-color\"},{\"paletteName\":\"grey-50\",\"color\":\"#808080\",\"chanelR\":128,\"chanelG\":128,\"chanelB\":128,\"contrast\":\"white\",\"darker\":\"#737373\",\"contrastDarker\":\"white\",\"bodyContrast\":\"body-alt-color\"}]},{\"palette\":[{\"paletteName\":\"grey-dark-3\",\"color\":\"#212121\",\"chanelR\":33,\"chanelG\":33,\"chanelB\":33,\"contrast\":\"white\",\"darker\":\"#1e1e1e\",\"contrastDarker\":\"white\",\"bodyContrast\":\"body-alt-color\"},{\"paletteName\":\"grey-dark-2\",\"color\":\"#333333\",\"chanelR\":51,\"chanelG\":51,\"chanelB\":51,\"contrast\":\"white\",\"darker\":\"#2e2e2e\",\"contrastDarker\":\"white\",\"bodyContrast\":\"body-alt-color\"},{\"paletteName\":\"grey-dark-1\",\"color\":\"#454545\",\"chanelR\":69,\"chanelG\":69,\"chanelB\":69,\"contrast\":\"white\",\"darker\":\"#3e3e3e\",\"contrastDarker\":\"white\",\"bodyContrast\":\"body-alt-color\"},{\"paletteName\":\"grey\",\"color\":\"#b3b3b3\",\"chanelR\":179,\"chanelG\":179,\"chanelB\":179,\"contrast\":\"white\",\"darker\":\"#a1a1a1\",\"contrastDarker\":\"white\",\"bodyContrast\":\"body-alt-color\"},{\"paletteName\":\"grey-light-1\",\"color\":\"#d9d9d9\",\"chanelR\":217,\"chanelG\":217,\"chanelB\":217,\"contrast\":\"black\",\"darker\":\"#c3c3c3\",\"contrastDarker\":\"black\",\"bodyContrast\":\"body-color\"},{\"paletteName\":\"grey-light-2\",\"color\":\"#eeeeee\",\"chanelR\":238,\"chanelG\":238,\"chanelB\":238,\"contrast\":\"black\",\"darker\":\"#d6d6d6\",\"contrastDarker\":\"black\",\"bodyContrast\":\"body-color\"},{\"paletteName\":\"grey-light-3\",\"color\":\"#f6f6f6\",\"chanelR\":246,\"chanelG\":246,\"chanelB\":246,\"contrast\":\"black\",\"darker\":\"#dddddd\",\"contrastDarker\":\"black\",\"bodyContrast\":\"body-color\"}]}]},\"fontScheme\":{\"name\":\"Roboto-OpenSans\",\"default\":true,\"isDefault\":true,\"fonts\":{\"heading\":\"Roboto, sans-serif\",\"text\":\"Open Sans, sans-serif\",\"accent\":\"Arial, sans-serif\",\"headingTitle\":\"Roboto\",\"textTitle\":\"Open Sans\"}},\"typography\":{\"name\":\"Normal-1\",\"isDefault\":true,\"title\":{\"font-weight\":\"400\",\"font-size\":6,\"line-height\":\"1_1\",\"margin-top\":20,\"margin-bottom\":20,\"LG\":{\"font-size\":4.5},\"SM\":{\"font-size\":3.75},\"XS\":{\"font-size\":3}},\"subtitle\":{\"font-weight\":\"400\",\"font-size\":3,\"line-height\":\"1_1\",\"margin-top\":20,\"margin-bottom\":20,\"SM\":{\"font-size\":2.25},\"XS\":{\"font-size\":1.875}},\"h1\":{\"font-weight\":\"400\",\"font-size\":4.5,\"line-height\":\"1_1\",\"margin-top\":20,\"margin-bottom\":20,\"LG\":{\"font-size\":3.75},\"SM\":{\"font-size\":3},\"XS\":{\"font-size\":2.25}},\"h2\":{\"font-weight\":\"400\",\"font-size\":3,\"line-height\":\"1_1\",\"margin-top\":20,\"margin-bottom\":20,\"SM\":{\"font-size\":2.25},\"XS\":{\"font-size\":1.875}},\"h3\":{\"font-weight\":\"400\",\"font-size\":2.25,\"line-height\":\"1_2\",\"margin-top\":20,\"margin-bottom\":20,\"SM\":{\"font-size\":1.875},\"XS\":{\"font-size\":1.5}},\"h4\":{\"font-weight\":\"400\",\"font-size\":1.5,\"line-height\":\"1_2\",\"margin-top\":20,\"margin-bottom\":20},\"h5\":{\"font-weight\":\"400\",\"font-size\":1.25,\"line-height\":\"1_2\",\"margin-top\":20,\"margin-bottom\":20},\"h6\":{\"font-weight\":\"400\",\"font-size\":1.125,\"line-height\":\"1_2\",\"margin-top\":20,\"margin-bottom\":20},\"largeText\":{\"font-size\":1.5,\"margin-top\":20,\"margin-bottom\":20},\"smallText\":{\"font-size\":0.875,\"margin-top\":20,\"margin-bottom\":20},\"text\":{\"font-size\":1.125,\"margin-top\":20,\"margin-bottom\":20,\"line-height\":\"1_6\",\"SM\":{\"font-size\":1}},\"hyperlink\":{\"font-size\":1.125,\"text-color\":\"palette-1-base\",\"line-height\":\"1_6\",\"SM\":{\"font-size\":1}},\"link\":{},\"button\":{\"color\":\"palette-1-base\",\"margin-top\":20,\"margin-bottom\":20},\"blockquote\":{\"font-size\":1.125,\"font-style\":\"italic\",\"indent\":20,\"border\":4,\"border-color\":\"palette-1-base\",\"margin-top\":20,\"margin-bottom\":20,\"line-height\":\"1_6\",\"SM\":{\"font-size\":1}},\"metadata\":{\"margin-top\":20,\"margin-bottom\":20,\"line-height\":\"1_6\"},\"list\":{\"font-size\":1.125,\"margin-top\":20,\"margin-bottom\":20,\"line-height\":\"1_6\",\"SM\":{\"font-size\":1}},\"orderedlist\":{\"font-size\":1.125,\"margin-top\":20,\"margin-bottom\":20,\"line-height\":\"1_6\",\"SM\":{\"font-size\":1}},\"postContent\":{\"font-size\":1.125,\"margin-top\":20,\"margin-bottom\":20,\"line-height\":\"1_6\",\"SM\":{\"font-size\":1}},\"theme\":{\"gradient\":\"\",\"image\":\"\",\"sheet-width-xl\":1140,\"sheet-width-lg\":940,\"sheet-width-md\":720,\"sheet-width-sm\":540,\"sheet-width-xs\":340},\"htmlBaseSize\":16,\"form-input\":{\"border\":1,\"border-color\":\"grey-30\",\"borders\":\"top right bottom left\",\"color\":\"white\",\"text-color\":\"black\"}},\"backToTop\":\"<span\\n        style=\\\"height: 64px; width: 64px; margin-left: 0px; margin-right: auto; margin-top: 0px; background-image: none; right: 20px; bottom: 20px; padding: 15px\\\"\\n        class=\\\"u-back-to-top u-icon u-icon-circle u-opacity u-palette-1-base u-spacing-15 u-opacity-85\\\"\\n        data-href=\\\"#\\\"\\n    >\\n        <svg class=\\\"u-svg-link\\\" preserveAspectRatio=\\\"xMidYMin slice\\\" viewBox=\\\"0 0 551.13 551.13\\\">\\n            <use xmlns:xlink=\\\"http://www.w3.org/1999/xlink\\\" xlink:href=\\\"#svg-1d98\\\"></use>\\n        </svg>\\n        <svg class=\\\"u-svg-content\\\" enable-background=\\\"new 0 0 551.13 551.13\\\" viewBox=\\\"0 0 551.13 551.13\\\" xmlns=\\\"http://www.w3.org/2000/svg\\\" id=\\\"svg-1d98\\\">\\n            <path d=\\\"m275.565 189.451 223.897 223.897h51.668l-275.565-275.565-275.565 275.565h51.668z\\\"></path>\\n        </svg>\\n    </span>\",\"themeBackLinks\":\"{\\\"data-wp-back-link\\\":\\\"https://nicepage.com/wordpress-themes\\\",\\\"data-wp-back-link-title\\\":\\\"WordPress Themes\\\",\\\"data-jm-back-link\\\":\\\"https://nicepage.com/joomla-templates\\\",\\\"data-jm-back-link-title\\\":\\\"Joomla Template\\\"}\",\"lang\":\"es\"}","title":"Site2","siteStyleCss":null,"appVersion":"5.13.1","publicUrl":null,"customDomainUrl":null,"datePublished":null,"isTrial":true,"serverSiteId":null,"items":[{"id":712830726,"status":2,"title":"Blog Template","order":1,"templateKey":"blog","customTemplate":false,"customTemplateFilename":null,"pageLinks":[],"dateCreated":"2023-07-19T01:01:16.398Z","dateUpdated":"2023-07-19T01:01:16.398Z","folderId":null,"pageName":"Blog Template"},{"id":2581701,"status":2,"title":"Post Template","order":2,"templateKey":"post","customTemplate":false,"customTemplateFilename":null,"pageLinks":[],"dateCreated":"2023-07-19T01:01:16.647Z","dateUpdated":"2023-07-19T01:01:16.647Z","folderId":null,"pageName":"Post Template"},{"id":9196901,"status":2,"title":"Product List Template","order":3,"templateKey":"products","customTemplate":false,"customTemplateFilename":null,"pageLinks":[],"dateCreated":"2023-07-19T01:01:16.852Z","dateUpdated":"2023-07-19T01:01:16.852Z","folderId":null,"pageName":"Product List Template"},{"id":241624892,"status":2,"title":"Product Details Template","order":4,"templateKey":"product","customTemplate":false,"customTemplateFilename":null,"pageLinks":[],"dateCreated":"2023-07-19T01:01:17.061Z","dateUpdated":"2023-07-19T01:01:17.061Z","folderId":null,"pageName":"Product Details Template"},{"id":99777729,"status":2,"title":"Shopping Cart Template","order":5,"templateKey":"cart","customTemplate":false,"customTemplateFilename":null,"pageLinks":[],"dateCreated":"2023-07-19T01:01:17.243Z","dateUpdated":"2023-07-19T01:01:17.243Z","folderId":null,"pageName":"Shopping Cart Template"},{"id":959930740,"status":2,"title":"Checkout Template","order":6,"templateKey":"checkout","customTemplate":false,"customTemplateFilename":null,"pageLinks":[],"dateCreated":"2023-07-19T01:01:17.523Z","dateUpdated":"2023-07-19T01:01:17.523Z","folderId":null,"pageName":"Checkout Template"},{"id":81691018,"status":2,"title":"Login Template","order":7,"templateKey":"login","customTemplate":false,"customTemplateFilename":null,"pageLinks":[],"dateCreated":"2023-07-19T01:01:17.681Z","dateUpdated":"2023-07-19T01:01:17.681Z","folderId":null,"pageName":"Login Template"},{"id":267409061,"status":2,"title":"Page Password Template","order":8,"templateKey":"password","customTemplate":false,"customTemplateFilename":null,"pageLinks":[],"dateCreated":"2023-07-19T01:01:17.793Z","dateUpdated":"2023-07-19T01:01:17.793Z","folderId":null,"pageName":"Page Password Template"},{"id":1506910761,"status":2,"title":"404 Not Found Template","order":9,"templateKey":"404","customTemplate":false,"customTemplateFilename":null,"pageLinks":[],"dateCreated":"2023-07-19T01:01:17.907Z","dateUpdated":"2023-07-19T01:01:17.907Z","folderId":null,"pageName":"404 Not Found Template"},{"id":11586752,"status":2,"title":"Acerca de","order":100,"templateKey":null,"customTemplate":false,"customTemplateFilename":null,"pageLinks":[],"dateCreated":"2023-07-19T01:01:18.001Z","dateUpdated":"2023-07-19T01:01:18.001Z","folderId":null,"pageName":"Acerca de_11586752"},{"id":24322282,"status":2,"title":"Contacto","order":101,"templateKey":null,"customTemplate":false,"customTemplateFilename":null,"pageLinks":[],"dateCreated":"2023-07-19T01:01:18.107Z","dateUpdated":"2023-07-19T01:01:18.107Z","folderId":null,"pageName":"Contacto_24322282"}]}
