[{"id":"user-image-b78c1c47-c604-4ca8-9934-e25928046c8b.png","publicUrl":"np://user.desktop.nicepage.com/Site_2022106431/images/b78c1c47-c604-4ca8-9934-e25928046c8b.png","size":1804,"hash":"pVWyp9ScwghJ0IJ/x/tR7o2JZVo=","fileName":"b78c1c47-c604-4ca8-9934-e25928046c8b.png","name":"b78c1c47-c604-4ca8-9934-e25928046c8b","width":80,"height":40,"thumbnail":{"url":"np://user.desktop.nicepage.com/Site_2022106431/images/thumbnails/b78c1c47-c604-4ca8-9934-e25928046c8b.png","width":80,"height":40,"length":1804,"type":"png"},"folderId":null,"originalUrl":"//images01.nicepagecdn.com/a1389d7bc73adea1e1c1fb7e/97ca1fe51d8351619842e056/b78c1c47-c604-4ca8-9934-e25928046c8b.png","usages":[]},{"id":"user-image-ggfg.jpg","publicUrl":"np://user.desktop.nicepage.com/Site_2022106431/images/ggfg.jpg","size":167065,"hash":"3fy0EYvKfhFBWqZCNIDgfF2miM4=","fileName":"ggfg.jpg","name":"ggfg","width":1920,"height":1080,"thumbnail":{"url":"np://user.desktop.nicepage.com/Site_2022106431/images/thumbnails/ggfg.jpg","width":250,"height":141},"folderId":null,"originalUrl":"//images01.nicepagecdn.com/c461c07a441a5d220e8feb1a/6ecb579b32195a249ec871ed/ggfg.jpg","usages":["2492921903"]},{"id":"user-image-33.jpg","publicUrl":"np://user.desktop.nicepage.com/Site_2022106431/images/33.jpg","size":24065,"hash":"K+tYK6SriAB8mC38jb5OBuXwf1U=","fileName":"33.jpg","name":"33","width":251,"height":251,"thumbnail":{"url":"np://user.desktop.nicepage.com/Site_2022106431/images/thumbnails/33.jpg","width":250,"height":250},"folderId":null,"originalUrl":"https://assets.nicepagecdn.com/d2cc3eaa/2455139/images/33.jpg","usages":["2492921903"]},{"id":"user-image-4.jpg","publicUrl":"np://user.desktop.nicepage.com/Site_2022106431/images/4.jpg","size":16697,"hash":"T2sZ8aOE+2wlt/osw9pvkFCj0pw=","fileName":"4.jpg","name":"4","width":251,"height":251,"thumbnail":{"url":"np://user.desktop.nicepage.com/Site_2022106431/images/thumbnails/4.jpg","width":250,"height":250},"folderId":null,"originalUrl":"https://assets.nicepagecdn.com/d2cc3eaa/2455139/images/4.jpg","usages":["2492921903"]},{"id":"user-image-46346.jpg","publicUrl":"np://user.desktop.nicepage.com/Site_2022106431/images/46346.jpg","size":163946,"hash":"SnJLUk0D4ZVlCXh58YmBcZwBi5I=","fileName":"46346.jpg","name":"46346","width":920,"height":872,"thumbnail":{"url":"np://user.desktop.nicepage.com/Site_2022106431/images/thumbnails/46346.jpg","width":250,"height":237},"folderId":null,"originalUrl":"https://assets.nicepagecdn.com/d2cc3eaa/2432839/images/46346.jpg","usages":["2492921903"]},{"id":"user-image-03.jpg","publicUrl":"np://user.desktop.nicepage.com/Site_2022106431/images/03.jpg","size":22784,"hash":"55pOBo1N2EZ0Ns5Ppe8RlskL1FI=","fileName":"03.jpg","name":"03","width":251,"height":251,"thumbnail":{"url":"np://user.desktop.nicepage.com/Site_2022106431/images/thumbnails/03.jpg","width":250,"height":250},"folderId":null,"originalUrl":"https://assets.nicepagecdn.com/d2cc3eaa/2455139/images/03.jpg","usages":["2492921903"]},{"id":"user-image-56346.jpg","publicUrl":"np://user.desktop.nicepage.com/Site_2022106431/images/56346.jpg","size":191140,"hash":"GraDjjGsJNfBTLX5fSfxwFrk9Uw=","fileName":"56346.jpg","name":"56346","width":920,"height":872,"thumbnail":{"url":"np://user.desktop.nicepage.com/Site_2022106431/images/thumbnails/56346.jpg","width":250,"height":237},"folderId":null,"originalUrl":"https://assets.nicepagecdn.com/d2cc3eaa/2432839/images/56346.jpg","usages":["2492921903"]},{"id":"user-image-4234.jpg","publicUrl":"np://user.desktop.nicepage.com/Site_2022106431/images/4234.jpg","size":188693,"hash":"c6fYKmTNIP4N8F0OklnkKIOYVAg=","fileName":"4234.jpg","name":"4234","width":920,"height":872,"thumbnail":{"url":"np://user.desktop.nicepage.com/Site_2022106431/images/thumbnails/4234.jpg","width":250,"height":237},"folderId":null,"originalUrl":"https://assets.nicepagecdn.com/d2cc3eaa/2432839/images/4234.jpg","usages":["2492921903"]},{"id":"user-image-234124.jpg","publicUrl":"np://user.desktop.nicepage.com/Site_2022106431/images/234124.jpg","size":102480,"hash":"oIs2G+lpdQnRsQEOeh7mM3Odor4=","fileName":"234124.jpg","name":"234124","width":920,"height":872,"thumbnail":{"url":"np://user.desktop.nicepage.com/Site_2022106431/images/thumbnails/234124.jpg","width":250,"height":237},"folderId":null,"originalUrl":"https://assets.nicepagecdn.com/d2cc3eaa/2432839/images/234124.jpg","usages":["2492921903"]},{"id":"user-image-42w35.jpg","publicUrl":"np://user.desktop.nicepage.com/Site_2022106431/images/42w35.jpg","size":89568,"hash":"1gxM36dJmRZ/FuMzE/emQBtcAkE=","fileName":"42w35.jpg","name":"42w35","width":920,"height":872,"thumbnail":{"url":"np://user.desktop.nicepage.com/Site_2022106431/images/thumbnails/42w35.jpg","width":250,"height":237},"folderId":null,"originalUrl":"https://assets.nicepagecdn.com/d2cc3eaa/2432839/images/42w35.jpg","usages":["2492921903"]},{"id":"user-image-452436.jpg","publicUrl":"np://user.desktop.nicepage.com/Site_2022106431/images/452436.jpg","size":225061,"hash":"e3hkvZqXrT7CLDqa4V6tECAeVPc=","fileName":"452436.jpg","name":"452436","width":920,"height":872,"thumbnail":{"url":"np://user.desktop.nicepage.com/Site_2022106431/images/thumbnails/452436.jpg","width":250,"height":237},"folderId":null,"originalUrl":"https://assets.nicepagecdn.com/d2cc3eaa/2432839/images/452436.jpg","usages":["2492921903"]},{"id":"user-image-45366.jpg","publicUrl":"np://user.desktop.nicepage.com/Site_2022106431/images/45366.jpg","size":169276,"hash":"EOlw905WsFGtILfaVJ1TGnh3WbI=","fileName":"45366.jpg","name":"45366","width":920,"height":872,"thumbnail":{"url":"np://user.desktop.nicepage.com/Site_2022106431/images/thumbnails/45366.jpg","width":250,"height":237},"folderId":null,"originalUrl":"https://assets.nicepagecdn.com/d2cc3eaa/2432839/images/45366.jpg","usages":["2492921903"]},{"id":"user-image-portrait-tattooed-male-barber-holds-4.jpg","publicUrl":"np://user.desktop.nicepage.com/Site_2022106431/images/portrait-tattooed-male-barber-holds-4.jpg","size":489242,"hash":"dlJOGiObjjzg5jvL1dhZDcYx1m8=","fileName":"portrait-tattooed-male-barber-holds-4.jpg","name":"portrait-tattooed-male-barber-holds-4","width":1980,"height":1052,"thumbnail":{"url":"np://user.desktop.nicepage.com/Site_2022106431/images/thumbnails/portrait-tattooed-male-barber-holds-4.jpg","width":250,"height":133},"folderId":null,"originalUrl":"https://assets.nicepagecdn.com/d2cc3eaa/2432839/images/portrait-tattooed-male-barber-holds-4.jpg","usages":["2492921903"]},{"id":"user-image-y554.jpg","publicUrl":"np://user.desktop.nicepage.com/Site_2022106431/images/y554.jpg","size":205065,"hash":"//nolxGebHMoTN8MAAZETD7uG5A=","fileName":"y554.jpg","name":"y554","width":920,"height":872,"thumbnail":{"url":"np://user.desktop.nicepage.com/Site_2022106431/images/thumbnails/y554.jpg","width":250,"height":237},"folderId":null,"originalUrl":"https://assets.nicepagecdn.com/d2cc3eaa/2432839/images/y554.jpg","usages":["2492921903"]}]
